source,target
tx_26,pole_0
tx_19,pole_1
tx_25,pole_2
tx_38,pole_3
tx_9,pole_4
tx_2,pole_5
tx_34,pole_6
tx_2,pole_7
tx_7,pole_8
tx_23,pole_9
tx_21,pole_10
tx_8,pole_11
tx_15,pole_12
tx_24,pole_13
tx_2,pole_14
tx_12,pole_15
tx_22,pole_16
tx_4,pole_17
tx_13,pole_18
tx_10,pole_19
tx_10,pole_20
tx_25,pole_21
tx_6,pole_22
tx_20,pole_23
tx_26,pole_24
tx_23,pole_25
tx_27,pole_26
tx_26,pole_27
tx_11,pole_28
tx_16,pole_29
tx_2,pole_30
tx_29,pole_31
tx_39,pole_32
tx_22,pole_33
tx_36,pole_34
tx_18,pole_35
tx_7,pole_36
tx_31,pole_37
tx_31,pole_38
tx_13,pole_39
tx_23,pole_40
tx_0,pole_41
tx_4,pole_42
tx_4,pole_43
tx_1,pole_44
tx_23,pole_45
tx_12,pole_46
tx_0,pole_47
tx_12,pole_48
tx_13,pole_49
tx_31,pole_50
tx_15,pole_51
tx_8,pole_52
tx_22,pole_53
tx_19,pole_54
tx_23,pole_55
tx_15,pole_56
tx_15,pole_57
tx_28,pole_58
tx_9,pole_59
tx_1,pole_60
tx_10,pole_61
tx_7,pole_62
tx_5,pole_63
tx_13,pole_64
tx_11,pole_65
tx_35,pole_66
tx_13,pole_67
tx_21,pole_68
tx_12,pole_69
tx_30,pole_70
tx_23,pole_71
tx_31,pole_72
tx_35,pole_73
tx_33,pole_74
tx_29,pole_75
tx_3,pole_76
tx_17,pole_77
tx_19,pole_78
tx_21,pole_79
tx_21,pole_80
tx_21,pole_81
tx_14,pole_82
tx_19,pole_83
tx_8,pole_84
tx_25,pole_85
tx_3,pole_86
tx_7,pole_87
tx_7,pole_88
tx_14,pole_89
tx_9,pole_90
tx_6,pole_91
tx_20,pole_92
tx_39,pole_93
tx_24,pole_94
tx_13,pole_95
tx_33,pole_96
tx_33,pole_97
tx_32,pole_98
tx_1,pole_99
tx_37,pole_100
tx_10,pole_101
tx_13,pole_102
tx_17,pole_103
tx_24,pole_104
tx_3,pole_105
tx_18,pole_106
tx_25,pole_107
tx_32,pole_108
tx_21,pole_109
tx_6,pole_110
tx_10,pole_111
tx_14,pole_112
tx_0,pole_113
tx_29,pole_114
tx_9,pole_115
tx_2,pole_116
tx_24,pole_117
tx_15,pole_118
tx_24,pole_119
tx_32,pole_120
tx_34,pole_121
tx_26,pole_122
tx_33,pole_123
tx_30,pole_124
tx_20,pole_125
tx_28,pole_126
tx_33,pole_127
tx_6,pole_128
tx_35,pole_129
tx_5,pole_130
tx_30,pole_131
tx_1,pole_132
tx_29,pole_133
tx_24,pole_134
tx_5,pole_135
tx_18,pole_136
tx_7,pole_137
tx_10,pole_138
tx_0,pole_139
tx_34,pole_140
tx_8,pole_141
tx_25,pole_142
tx_7,pole_143
tx_29,pole_144
tx_21,pole_145
tx_2,pole_146
tx_35,pole_147
tx_3,pole_148
tx_13,pole_149
tx_39,pole_150
tx_36,pole_151
tx_20,pole_152
tx_22,pole_153
tx_10,pole_154
tx_20,pole_155
tx_5,pole_156
tx_11,pole_157
tx_16,pole_158
tx_34,pole_159
tx_30,pole_160
tx_8,pole_161
tx_31,pole_162
tx_26,pole_163
tx_34,pole_164
tx_23,pole_165
tx_35,pole_166
tx_35,pole_167
tx_38,pole_168
tx_4,pole_169
tx_37,pole_170
tx_24,pole_171
tx_34,pole_172
tx_7,pole_173
tx_25,pole_174
tx_36,pole_175
tx_7,pole_176
tx_22,pole_177
tx_26,pole_178
tx_35,pole_179
tx_32,pole_180
tx_29,pole_181
tx_28,pole_182
tx_28,pole_183
tx_29,pole_184
tx_17,pole_185
tx_19,pole_186
tx_4,pole_187
tx_25,pole_188
tx_31,pole_189
tx_19,pole_190
tx_33,pole_191
tx_11,pole_192
tx_23,pole_193
tx_28,pole_194
tx_13,pole_195
tx_5,pole_196
tx_33,pole_197
tx_27,pole_198
tx_23,pole_199
tx_5,pole_200
tx_30,pole_201
tx_30,pole_202
tx_18,pole_203
tx_28,pole_204
tx_28,pole_205
tx_9,pole_206
tx_33,pole_207
tx_5,pole_208
tx_28,pole_209
tx_26,pole_210
tx_34,pole_211
tx_18,pole_212
tx_37,pole_213
tx_14,pole_214
tx_34,pole_215
tx_37,pole_216
tx_21,pole_217
tx_38,pole_218
tx_3,pole_219
tx_0,pole_220
tx_7,pole_221
tx_35,pole_222
tx_21,pole_223
tx_26,pole_224
tx_9,pole_225
tx_22,pole_226
tx_28,pole_227
tx_35,pole_228
tx_22,pole_229
tx_28,pole_230
tx_32,pole_231
tx_10,pole_232
tx_14,pole_233
tx_18,pole_234
tx_5,pole_235
tx_18,pole_236
tx_21,pole_237
tx_33,pole_238
tx_2,pole_239
tx_22,pole_240
tx_15,pole_241
tx_18,pole_242
tx_36,pole_243
tx_32,pole_244
tx_37,pole_245
tx_31,pole_246
tx_20,pole_247
tx_36,pole_248
tx_25,pole_249
tx_8,pole_250
tx_4,pole_251
tx_31,pole_252
tx_18,pole_253
tx_37,pole_254
tx_19,pole_255
tx_35,pole_256
tx_0,pole_257
tx_31,pole_258
tx_21,pole_259
tx_13,pole_260
tx_30,pole_261
tx_7,pole_262
tx_3,pole_263
tx_5,pole_264
tx_4,pole_265
tx_36,pole_266
tx_18,pole_267
tx_0,pole_268
tx_36,pole_269
tx_20,pole_270
tx_22,pole_271
tx_38,pole_272
tx_9,pole_273
tx_11,pole_274
tx_15,pole_275
tx_3,pole_276
tx_38,pole_277
tx_14,pole_278
tx_30,pole_279
tx_21,pole_280
tx_11,pole_281
tx_37,pole_282
tx_23,pole_283
tx_30,pole_284
tx_15,pole_285
tx_13,pole_286
tx_3,pole_287
tx_28,pole_288
tx_24,pole_289
tx_13,pole_290
tx_7,pole_291
tx_15,pole_292
tx_15,pole_293
tx_32,pole_294
tx_0,pole_295
tx_0,pole_296
tx_30,pole_297
tx_6,pole_298
tx_34,pole_299
tx_25,pole_300
tx_24,pole_301
tx_7,pole_302
tx_7,pole_303
tx_13,pole_304
tx_23,pole_305
tx_38,pole_306
tx_36,pole_307
tx_20,pole_308
tx_16,pole_309
tx_29,pole_310
tx_36,pole_311
tx_20,pole_312
tx_16,pole_313
tx_8,pole_314
tx_23,pole_315
tx_2,pole_316
tx_14,pole_317
tx_33,pole_318
tx_8,pole_319
tx_25,pole_320
tx_9,pole_321
tx_31,pole_322
tx_2,pole_323
tx_30,pole_324
tx_10,pole_325
tx_34,pole_326
tx_35,pole_327
tx_39,pole_328
tx_32,pole_329
tx_5,pole_330
tx_39,pole_331
tx_3,pole_332
tx_25,pole_333
tx_28,pole_334
tx_23,pole_335
tx_14,pole_336
tx_17,pole_337
tx_28,pole_338
tx_21,pole_339
tx_0,pole_340
tx_31,pole_341
tx_2,pole_342
tx_3,pole_343
tx_4,pole_344
tx_0,pole_345
tx_15,pole_346
tx_15,pole_347
tx_2,pole_348
tx_35,pole_349
tx_15,pole_350
tx_18,pole_351
tx_15,pole_352
tx_34,pole_353
tx_8,pole_354
tx_35,pole_355
tx_1,pole_356
tx_4,pole_357
tx_11,pole_358
tx_28,pole_359
tx_34,pole_360
tx_17,pole_361
tx_31,pole_362
tx_29,pole_363
tx_35,pole_364
tx_6,pole_365
tx_30,pole_366
tx_39,pole_367
tx_31,pole_368
tx_12,pole_369
tx_27,pole_370
tx_27,pole_371
tx_38,pole_372
tx_38,pole_373
tx_34,pole_374
tx_16,pole_375
tx_19,pole_376
tx_2,pole_377
tx_13,pole_378
tx_38,pole_379
tx_39,pole_380
tx_24,pole_381
tx_9,pole_382
tx_8,pole_383
tx_10,pole_384
tx_5,pole_385
tx_15,pole_386
tx_13,pole_387
tx_33,pole_388
tx_26,pole_389
tx_14,pole_390
tx_36,pole_391
tx_14,pole_392
tx_37,pole_393
tx_29,pole_394
tx_20,pole_395
tx_5,pole_396
tx_0,pole_397
tx_32,pole_398
tx_8,pole_399
tx_5,pole_400
tx_14,pole_401
tx_28,pole_402
tx_23,pole_403
tx_10,pole_404
tx_18,pole_405
tx_19,pole_406
tx_5,pole_407
tx_11,pole_408
tx_11,pole_409
tx_8,pole_410
tx_37,pole_411
tx_37,pole_412
tx_16,pole_413
tx_38,pole_414
tx_27,pole_415
tx_6,pole_416
tx_1,pole_417
tx_26,pole_418
tx_32,pole_419
tx_30,pole_420
tx_24,pole_421
tx_31,pole_422
tx_29,pole_423
tx_5,pole_424
tx_38,pole_425
tx_22,pole_426
tx_12,pole_427
tx_9,pole_428
tx_24,pole_429
tx_34,pole_430
tx_11,pole_431
tx_1,pole_432
tx_19,pole_433
tx_25,pole_434
tx_38,pole_435
tx_16,pole_436
tx_28,pole_437
tx_12,pole_438
tx_39,pole_439
tx_9,pole_440
tx_27,pole_441
tx_28,pole_442
tx_18,pole_443
tx_14,pole_444
tx_35,pole_445
tx_20,pole_446
tx_36,pole_447
tx_39,pole_448
tx_7,pole_449
tx_29,pole_450
tx_29,pole_451
tx_13,pole_452
tx_21,pole_453
tx_26,pole_454
tx_30,pole_455
tx_33,pole_456
tx_9,pole_457
tx_30,pole_458
tx_38,pole_459
tx_20,pole_460
tx_3,pole_461
tx_27,pole_462
tx_0,pole_463
tx_35,pole_464
tx_38,pole_465
tx_10,pole_466
tx_30,pole_467
tx_17,pole_468
tx_31,pole_469
tx_32,pole_470
tx_16,pole_471
tx_36,pole_472
tx_26,pole_473
tx_12,pole_474
tx_28,pole_475
tx_9,pole_476
tx_20,pole_477
tx_11,pole_478
tx_17,pole_479
tx_36,pole_480
tx_32,pole_481
tx_24,pole_482
tx_21,pole_483
tx_2,pole_484
tx_1,pole_485
tx_29,pole_486
tx_18,pole_487
tx_39,pole_488
tx_11,pole_489
tx_36,pole_490
tx_18,pole_491
tx_21,pole_492
tx_20,pole_493
tx_10,pole_494
tx_28,pole_495
tx_17,pole_496
tx_6,pole_497
tx_24,pole_498
tx_13,pole_499
tx_32,pole_500
tx_16,pole_501
tx_8,pole_502
tx_38,pole_503
tx_13,pole_504
tx_14,pole_505
tx_13,pole_506
tx_28,pole_507
tx_14,pole_508
tx_14,pole_509
tx_36,pole_510
tx_2,pole_511
tx_37,pole_512
tx_8,pole_513
tx_36,pole_514
tx_23,pole_515
tx_2,pole_516
tx_3,pole_517
tx_17,pole_518
tx_13,pole_519
tx_12,pole_520
tx_35,pole_521
tx_37,pole_522
tx_23,pole_523
tx_21,pole_524
tx_21,pole_525
tx_5,pole_526
tx_18,pole_527
tx_21,pole_528
tx_30,pole_529
tx_29,pole_530
tx_27,pole_531
tx_30,pole_532
tx_24,pole_533
tx_20,pole_534
tx_34,pole_535
tx_25,pole_536
tx_23,pole_537
tx_4,pole_538
tx_19,pole_539
tx_30,pole_540
tx_36,pole_541
tx_13,pole_542
tx_9,pole_543
tx_35,pole_544
tx_27,pole_545
tx_17,pole_546
tx_33,pole_547
tx_17,pole_548
tx_25,pole_549
tx_7,pole_550
tx_3,pole_551
tx_35,pole_552
tx_1,pole_553
tx_14,pole_554
tx_38,pole_555
tx_29,pole_556
tx_11,pole_557
tx_32,pole_558
tx_1,pole_559
tx_25,pole_560
tx_38,pole_561
tx_29,pole_562
tx_16,pole_563
tx_38,pole_564
tx_35,pole_565
tx_6,pole_566
tx_25,pole_567
tx_24,pole_568
tx_17,pole_569
tx_31,pole_570
tx_0,pole_571
tx_37,pole_572
tx_12,pole_573
tx_15,pole_574
tx_36,pole_575
tx_21,pole_576
tx_8,pole_577
tx_13,pole_578
tx_2,pole_579
tx_12,pole_580
tx_26,pole_581
tx_11,pole_582
tx_8,pole_583
tx_21,pole_584
tx_16,pole_585
tx_23,pole_586
tx_31,pole_587
tx_3,pole_588
tx_14,pole_589
tx_20,pole_590
tx_15,pole_591
tx_14,pole_592
tx_16,pole_593
tx_35,pole_594
tx_14,pole_595
tx_0,pole_596
tx_37,pole_597
tx_30,pole_598
tx_11,pole_599
tx_0,pole_600
tx_29,pole_601
tx_21,pole_602
tx_38,pole_603
tx_10,pole_604
tx_1,pole_605
tx_30,pole_606
tx_14,pole_607
tx_3,pole_608
tx_12,pole_609
tx_29,pole_610
tx_31,pole_611
tx_37,pole_612
tx_19,pole_613
tx_19,pole_614
tx_14,pole_615
tx_31,pole_616
tx_8,pole_617
tx_5,pole_618
tx_38,pole_619
tx_30,pole_620
tx_25,pole_621
tx_26,pole_622
tx_28,pole_623
tx_31,pole_624
tx_19,pole_625
tx_39,pole_626
tx_17,pole_627
tx_4,pole_628
tx_12,pole_629
tx_24,pole_630
tx_27,pole_631
tx_39,pole_632
tx_12,pole_633
tx_4,pole_634
tx_1,pole_635
tx_37,pole_636
tx_6,pole_637
tx_24,pole_638
tx_13,pole_639
tx_1,pole_640
tx_14,pole_641
tx_23,pole_642
tx_33,pole_643
tx_26,pole_644
tx_10,pole_645
tx_37,pole_646
tx_20,pole_647
tx_22,pole_648
tx_2,pole_649
tx_10,pole_650
tx_12,pole_651
tx_25,pole_652
tx_12,pole_653
tx_18,pole_654
tx_24,pole_655
tx_10,pole_656
tx_39,pole_657
tx_33,pole_658
tx_11,pole_659
tx_22,pole_660
tx_10,pole_661
tx_12,pole_662
tx_32,pole_663
tx_36,pole_664
tx_35,pole_665
tx_14,pole_666
tx_26,pole_667
tx_2,pole_668
tx_21,pole_669
tx_5,pole_670
tx_36,pole_671
tx_8,pole_672
tx_22,pole_673
tx_11,pole_674
tx_17,pole_675
tx_37,pole_676
tx_6,pole_677
tx_36,pole_678
tx_9,pole_679
tx_19,pole_680
tx_21,pole_681
tx_3,pole_682
tx_15,pole_683
tx_31,pole_684
tx_11,pole_685
tx_5,pole_686
tx_10,pole_687
tx_15,pole_688
tx_22,pole_689
tx_20,pole_690
tx_0,pole_691
tx_3,pole_692
tx_21,pole_693
tx_22,pole_694
tx_36,pole_695
tx_18,pole_696
tx_34,pole_697
tx_29,pole_698
tx_32,pole_699
tx_0,pole_700
tx_34,pole_701
tx_24,pole_702
tx_29,pole_703
tx_31,pole_704
tx_27,pole_705
tx_28,pole_706
tx_15,pole_707
tx_17,pole_708
tx_33,pole_709
tx_28,pole_710
tx_11,pole_711
tx_1,pole_712
tx_14,pole_713
tx_14,pole_714
tx_25,pole_715
tx_3,pole_716
tx_19,pole_717
tx_15,pole_718
tx_18,pole_719
tx_2,pole_720
tx_36,pole_721
tx_5,pole_722
tx_11,pole_723
tx_4,pole_724
tx_0,pole_725
tx_36,pole_726
tx_14,pole_727
tx_16,pole_728
tx_10,pole_729
tx_37,pole_730
tx_3,pole_731
tx_27,pole_732
tx_30,pole_733
tx_3,pole_734
tx_2,pole_735
tx_8,pole_736
tx_20,pole_737
tx_33,pole_738
tx_36,pole_739
tx_16,pole_740
tx_33,pole_741
tx_39,pole_742
tx_10,pole_743
tx_23,pole_744
tx_29,pole_745
tx_4,pole_746
tx_15,pole_747
tx_7,pole_748
tx_25,pole_749
tx_8,pole_750
tx_32,pole_751
tx_14,pole_752
tx_27,pole_753
tx_14,pole_754
tx_39,pole_755
tx_29,pole_756
tx_16,pole_757
tx_0,pole_758
tx_12,pole_759
tx_17,pole_760
tx_0,pole_761
tx_30,pole_762
tx_38,pole_763
tx_12,pole_764
tx_29,pole_765
tx_21,pole_766
tx_22,pole_767
tx_19,pole_768
tx_21,pole_769
tx_18,pole_770
tx_36,pole_771
tx_17,pole_772
tx_22,pole_773
tx_13,pole_774
tx_24,pole_775
tx_0,pole_776
tx_6,pole_777
tx_26,pole_778
tx_29,pole_779
tx_28,pole_780
tx_19,pole_781
tx_29,pole_782
tx_3,pole_783
tx_39,pole_784
tx_0,pole_785
tx_32,pole_786
tx_19,pole_787
tx_7,pole_788
tx_23,pole_789
tx_39,pole_790
tx_9,pole_791
tx_18,pole_792
tx_29,pole_793
tx_27,pole_794
tx_33,pole_795
tx_12,pole_796
tx_13,pole_797
tx_36,pole_798
tx_37,pole_799
tx_2,pole_800
tx_23,pole_801
tx_2,pole_802
tx_18,pole_803
tx_33,pole_804
tx_8,pole_805
tx_0,pole_806
tx_17,pole_807
tx_30,pole_808
tx_5,pole_809
tx_31,pole_810
tx_39,pole_811
tx_2,pole_812
tx_28,pole_813
tx_20,pole_814
tx_7,pole_815
tx_0,pole_816
tx_34,pole_817
tx_10,pole_818
tx_12,pole_819
tx_26,pole_820
tx_39,pole_821
tx_0,pole_822
tx_26,pole_823
tx_21,pole_824
tx_6,pole_825
tx_4,pole_826
tx_0,pole_827
tx_36,pole_828
tx_30,pole_829
tx_6,pole_830
tx_12,pole_831
tx_28,pole_832
tx_38,pole_833
tx_3,pole_834
tx_9,pole_835
tx_28,pole_836
tx_20,pole_837
tx_30,pole_838
tx_13,pole_839
tx_27,pole_840
tx_17,pole_841
tx_7,pole_842
tx_21,pole_843
tx_35,pole_844
tx_19,pole_845
tx_30,pole_846
tx_2,pole_847
tx_1,pole_848
tx_21,pole_849
tx_25,pole_850
tx_9,pole_851
tx_14,pole_852
tx_37,pole_853
tx_38,pole_854
tx_39,pole_855
tx_37,pole_856
tx_12,pole_857
tx_17,pole_858
tx_26,pole_859
tx_8,pole_860
tx_29,pole_861
tx_16,pole_862
tx_25,pole_863
tx_37,pole_864
tx_34,pole_865
tx_18,pole_866
tx_33,pole_867
tx_5,pole_868
tx_35,pole_869
tx_39,pole_870
tx_36,pole_871
tx_14,pole_872
tx_13,pole_873
tx_30,pole_874
tx_15,pole_875
tx_13,pole_876
tx_13,pole_877
tx_6,pole_878
tx_12,pole_879
tx_19,pole_880
tx_14,pole_881
tx_27,pole_882
tx_34,pole_883
tx_27,pole_884
tx_28,pole_885
tx_26,pole_886
tx_10,pole_887
tx_37,pole_888
tx_16,pole_889
tx_37,pole_890
tx_24,pole_891
tx_13,pole_892
tx_23,pole_893
tx_8,pole_894
tx_33,pole_895
tx_9,pole_896
tx_36,pole_897
tx_28,pole_898
tx_10,pole_899
tx_30,pole_900
tx_7,pole_901
tx_19,pole_902
tx_35,pole_903
tx_8,pole_904
tx_31,pole_905
tx_21,pole_906
tx_14,pole_907
tx_22,pole_908
tx_37,pole_909
tx_23,pole_910
tx_36,pole_911
tx_6,pole_912
tx_38,pole_913
tx_8,pole_914
tx_32,pole_915
tx_21,pole_916
tx_36,pole_917
tx_27,pole_918
tx_27,pole_919
tx_28,pole_920
tx_5,pole_921
tx_36,pole_922
tx_38,pole_923
tx_15,pole_924
tx_30,pole_925
tx_35,pole_926
tx_28,pole_927
tx_3,pole_928
tx_34,pole_929
tx_36,pole_930
tx_17,pole_931
tx_12,pole_932
tx_36,pole_933
tx_35,pole_934
tx_22,pole_935
tx_18,pole_936
tx_28,pole_937
tx_33,pole_938
tx_29,pole_939
tx_33,pole_940
tx_35,pole_941
tx_8,pole_942
tx_23,pole_943
tx_1,pole_944
tx_14,pole_945
tx_31,pole_946
tx_7,pole_947
tx_16,pole_948
tx_36,pole_949
tx_15,pole_950
tx_23,pole_951
tx_26,pole_952
tx_17,pole_953
tx_0,pole_954
tx_5,pole_955
tx_17,pole_956
tx_25,pole_957
tx_38,pole_958
tx_38,pole_959
tx_34,pole_960
tx_17,pole_961
tx_0,pole_962
tx_21,pole_963
tx_19,pole_964
tx_14,pole_965
tx_37,pole_966
tx_4,pole_967
tx_7,pole_968
tx_26,pole_969
tx_35,pole_970
tx_35,pole_971
tx_27,pole_972
tx_37,pole_973
tx_3,pole_974
tx_6,pole_975
tx_31,pole_976
tx_6,pole_977
tx_22,pole_978
tx_25,pole_979
tx_27,pole_980
tx_6,pole_981
tx_21,pole_982
tx_28,pole_983
tx_16,pole_984
tx_14,pole_985
tx_6,pole_986
tx_2,pole_987
tx_23,pole_988
tx_25,pole_989
tx_19,pole_990
tx_38,pole_991
tx_34,pole_992
tx_26,pole_993
tx_30,pole_994
tx_35,pole_995
tx_33,pole_996
tx_5,pole_997
tx_19,pole_998
tx_28,pole_999
tx_11,pole_1000
tx_3,pole_1001
tx_0,pole_1002
tx_17,pole_1003
tx_6,pole_1004
tx_17,pole_1005
tx_32,pole_1006
tx_7,pole_1007
tx_10,pole_1008
tx_23,pole_1009
tx_11,pole_1010
tx_20,pole_1011
tx_37,pole_1012
tx_35,pole_1013
tx_10,pole_1014
tx_17,pole_1015
tx_2,pole_1016
tx_27,pole_1017
tx_27,pole_1018
tx_37,pole_1019
tx_32,pole_1020
tx_18,pole_1021
tx_20,pole_1022
tx_39,pole_1023
tx_5,pole_1024
tx_11,pole_1025
tx_35,pole_1026
tx_14,pole_1027
tx_35,pole_1028
tx_23,pole_1029
tx_30,pole_1030
tx_3,pole_1031
tx_26,pole_1032
tx_14,pole_1033
tx_2,pole_1034
tx_37,pole_1035
tx_23,pole_1036
tx_6,pole_1037
tx_28,pole_1038
tx_32,pole_1039
tx_38,pole_1040
tx_23,pole_1041
tx_12,pole_1042
tx_36,pole_1043
tx_19,pole_1044
tx_19,pole_1045
tx_2,pole_1046
tx_32,pole_1047
tx_24,pole_1048
tx_27,pole_1049
tx_3,pole_1050
tx_10,pole_1051
tx_19,pole_1052
tx_33,pole_1053
tx_38,pole_1054
tx_3,pole_1055
tx_3,pole_1056
tx_1,pole_1057
tx_39,pole_1058
tx_23,pole_1059
tx_30,pole_1060
tx_17,pole_1061
tx_30,pole_1062
tx_5,pole_1063
tx_27,pole_1064
tx_15,pole_1065
tx_24,pole_1066
tx_15,pole_1067
tx_2,pole_1068
tx_28,pole_1069
tx_15,pole_1070
tx_17,pole_1071
tx_28,pole_1072
tx_3,pole_1073
tx_6,pole_1074
tx_32,pole_1075
tx_12,pole_1076
tx_3,pole_1077
tx_2,pole_1078
tx_24,pole_1079
tx_28,pole_1080
tx_34,pole_1081
tx_33,pole_1082
tx_22,pole_1083
tx_25,pole_1084
tx_11,pole_1085
tx_37,pole_1086
tx_3,pole_1087
tx_9,pole_1088
tx_38,pole_1089
tx_14,pole_1090
tx_19,pole_1091
tx_23,pole_1092
tx_2,pole_1093
tx_11,pole_1094
tx_19,pole_1095
tx_23,pole_1096
tx_16,pole_1097
tx_13,pole_1098
tx_28,pole_1099
tx_4,pole_1100
tx_20,pole_1101
tx_18,pole_1102
tx_25,pole_1103
tx_4,pole_1104
tx_11,pole_1105
tx_6,pole_1106
tx_26,pole_1107
tx_12,pole_1108
tx_32,pole_1109
tx_23,pole_1110
tx_27,pole_1111
tx_10,pole_1112
tx_4,pole_1113
tx_10,pole_1114
tx_5,pole_1115
tx_29,pole_1116
tx_5,pole_1117
tx_0,pole_1118
tx_31,pole_1119
tx_27,pole_1120
tx_36,pole_1121
tx_8,pole_1122
tx_19,pole_1123
tx_8,pole_1124
tx_33,pole_1125
tx_38,pole_1126
tx_20,pole_1127
tx_12,pole_1128
tx_36,pole_1129
tx_21,pole_1130
tx_31,pole_1131
tx_35,pole_1132
tx_39,pole_1133
tx_31,pole_1134
tx_34,pole_1135
tx_14,pole_1136
tx_15,pole_1137
tx_31,pole_1138
tx_24,pole_1139
tx_31,pole_1140
tx_12,pole_1141
tx_20,pole_1142
tx_38,pole_1143
tx_10,pole_1144
tx_30,pole_1145
tx_34,pole_1146
tx_21,pole_1147
tx_39,pole_1148
tx_21,pole_1149
tx_36,pole_1150
tx_25,pole_1151
tx_11,pole_1152
tx_36,pole_1153
tx_4,pole_1154
tx_35,pole_1155
tx_7,pole_1156
tx_29,pole_1157
tx_36,pole_1158
tx_32,pole_1159
tx_32,pole_1160
tx_1,pole_1161
tx_30,pole_1162
tx_36,pole_1163
tx_39,pole_1164
tx_22,pole_1165
tx_26,pole_1166
tx_16,pole_1167
tx_14,pole_1168
tx_4,pole_1169
tx_19,pole_1170
tx_37,pole_1171
tx_32,pole_1172
tx_24,pole_1173
tx_36,pole_1174
tx_8,pole_1175
tx_21,pole_1176
tx_20,pole_1177
tx_33,pole_1178
tx_38,pole_1179
tx_23,pole_1180
tx_17,pole_1181
tx_37,pole_1182
tx_20,pole_1183
tx_9,pole_1184
tx_15,pole_1185
tx_22,pole_1186
tx_0,pole_1187
tx_3,pole_1188
tx_36,pole_1189
tx_4,pole_1190
tx_32,pole_1191
tx_18,pole_1192
tx_29,pole_1193
tx_3,pole_1194
tx_15,pole_1195
tx_0,pole_1196
tx_28,pole_1197
tx_36,pole_1198
tx_13,pole_1199
tx_3,pole_1200
tx_30,pole_1201
tx_2,pole_1202
tx_0,pole_1203
tx_36,pole_1204
tx_36,pole_1205
tx_2,pole_1206
tx_38,pole_1207
tx_19,pole_1208
tx_24,pole_1209
tx_34,pole_1210
tx_19,pole_1211
tx_0,pole_1212
tx_35,pole_1213
tx_9,pole_1214
tx_28,pole_1215
tx_12,pole_1216
tx_28,pole_1217
tx_38,pole_1218
tx_15,pole_1219
tx_19,pole_1220
tx_19,pole_1221
tx_12,pole_1222
tx_36,pole_1223
tx_8,pole_1224
tx_32,pole_1225
tx_5,pole_1226
tx_14,pole_1227
tx_1,pole_1228
tx_33,pole_1229
tx_11,pole_1230
tx_20,pole_1231
tx_36,pole_1232
tx_34,pole_1233
tx_32,pole_1234
tx_21,pole_1235
tx_10,pole_1236
tx_11,pole_1237
tx_32,pole_1238
tx_0,pole_1239
tx_31,pole_1240
tx_8,pole_1241
tx_7,pole_1242
tx_9,pole_1243
tx_35,pole_1244
tx_36,pole_1245
tx_38,pole_1246
tx_11,pole_1247
tx_37,pole_1248
tx_34,pole_1249
tx_31,pole_1250
tx_1,pole_1251
tx_23,pole_1252
tx_8,pole_1253
tx_25,pole_1254
tx_31,pole_1255
tx_34,pole_1256
tx_22,pole_1257
tx_0,pole_1258
tx_12,pole_1259
tx_26,pole_1260
tx_30,pole_1261
tx_7,pole_1262
tx_4,pole_1263
tx_18,pole_1264
tx_17,pole_1265
tx_14,pole_1266
tx_6,pole_1267
tx_14,pole_1268
tx_15,pole_1269
tx_22,pole_1270
tx_9,pole_1271
tx_21,pole_1272
tx_32,pole_1273
tx_0,pole_1274
tx_22,pole_1275
tx_28,pole_1276
tx_14,pole_1277
tx_3,pole_1278
tx_6,pole_1279
tx_27,pole_1280
tx_28,pole_1281
tx_15,pole_1282
tx_22,pole_1283
tx_13,pole_1284
tx_2,pole_1285
tx_30,pole_1286
tx_27,pole_1287
tx_31,pole_1288
tx_39,pole_1289
tx_21,pole_1290
tx_22,pole_1291
tx_10,pole_1292
tx_26,pole_1293
tx_32,pole_1294
tx_22,pole_1295
tx_14,pole_1296
tx_27,pole_1297
tx_1,pole_1298
tx_21,pole_1299
tx_12,pole_1300
tx_26,pole_1301
tx_35,pole_1302
tx_34,pole_1303
tx_0,pole_1304
tx_9,pole_1305
tx_35,pole_1306
tx_1,pole_1307
tx_7,pole_1308
tx_32,pole_1309
tx_12,pole_1310
tx_37,pole_1311
tx_20,pole_1312
tx_31,pole_1313
tx_23,pole_1314
tx_39,pole_1315
tx_37,pole_1316
tx_18,pole_1317
tx_11,pole_1318
tx_39,pole_1319
tx_14,pole_1320
tx_34,pole_1321
tx_39,pole_1322
tx_15,pole_1323
tx_24,pole_1324
tx_22,pole_1325
tx_36,pole_1326
tx_16,pole_1327
tx_24,pole_1328
tx_12,pole_1329
tx_0,pole_1330
tx_5,pole_1331
tx_20,pole_1332
tx_9,pole_1333
tx_17,pole_1334
tx_29,pole_1335
tx_29,pole_1336
tx_14,pole_1337
tx_10,pole_1338
tx_27,pole_1339
tx_7,pole_1340
tx_31,pole_1341
tx_1,pole_1342
tx_3,pole_1343
tx_14,pole_1344
tx_32,pole_1345
tx_2,pole_1346
tx_11,pole_1347
tx_17,pole_1348
tx_10,pole_1349
tx_9,pole_1350
tx_29,pole_1351
tx_14,pole_1352
tx_12,pole_1353
tx_25,pole_1354
tx_31,pole_1355
tx_29,pole_1356
tx_37,pole_1357
tx_4,pole_1358
tx_18,pole_1359
tx_37,pole_1360
tx_27,pole_1361
tx_24,pole_1362
tx_22,pole_1363
tx_32,pole_1364
tx_26,pole_1365
tx_6,pole_1366
tx_34,pole_1367
tx_14,pole_1368
tx_37,pole_1369
tx_4,pole_1370
tx_13,pole_1371
tx_29,pole_1372
tx_3,pole_1373
tx_16,pole_1374
tx_11,pole_1375
tx_10,pole_1376
tx_17,pole_1377
tx_25,pole_1378
tx_37,pole_1379
tx_27,pole_1380
tx_21,pole_1381
tx_10,pole_1382
tx_20,pole_1383
tx_21,pole_1384
tx_22,pole_1385
tx_22,pole_1386
tx_9,pole_1387
tx_30,pole_1388
tx_12,pole_1389
tx_34,pole_1390
tx_36,pole_1391
tx_1,pole_1392
tx_36,pole_1393
tx_30,pole_1394
tx_11,pole_1395
tx_35,pole_1396
tx_23,pole_1397
tx_15,pole_1398
tx_19,pole_1399
tx_30,pole_1400
tx_9,pole_1401
tx_36,pole_1402
tx_3,pole_1403
tx_3,pole_1404
tx_1,pole_1405
tx_12,pole_1406
tx_24,pole_1407
tx_20,pole_1408
tx_18,pole_1409
tx_34,pole_1410
tx_13,pole_1411
tx_12,pole_1412
tx_37,pole_1413
tx_37,pole_1414
tx_25,pole_1415
tx_4,pole_1416
tx_39,pole_1417
tx_0,pole_1418
tx_16,pole_1419
tx_8,pole_1420
tx_38,pole_1421
tx_37,pole_1422
tx_33,pole_1423
tx_10,pole_1424
tx_15,pole_1425
tx_7,pole_1426
tx_4,pole_1427
tx_27,pole_1428
tx_8,pole_1429
tx_9,pole_1430
tx_31,pole_1431
tx_6,pole_1432
tx_1,pole_1433
tx_16,pole_1434
tx_31,pole_1435
tx_28,pole_1436
tx_27,pole_1437
tx_1,pole_1438
tx_36,pole_1439
tx_7,pole_1440
tx_27,pole_1441
tx_31,pole_1442
tx_3,pole_1443
tx_10,pole_1444
tx_30,pole_1445
tx_33,pole_1446
tx_8,pole_1447
tx_31,pole_1448
tx_15,pole_1449
tx_20,pole_1450
tx_5,pole_1451
tx_12,pole_1452
tx_35,pole_1453
tx_31,pole_1454
tx_16,pole_1455
tx_22,pole_1456
tx_5,pole_1457
tx_32,pole_1458
tx_28,pole_1459
tx_36,pole_1460
tx_32,pole_1461
tx_31,pole_1462
tx_37,pole_1463
tx_39,pole_1464
tx_39,pole_1465
tx_11,pole_1466
tx_22,pole_1467
tx_21,pole_1468
tx_7,pole_1469
tx_19,pole_1470
tx_12,pole_1471
tx_27,pole_1472
tx_27,pole_1473
tx_25,pole_1474
tx_28,pole_1475
tx_8,pole_1476
tx_19,pole_1477
tx_13,pole_1478
tx_25,pole_1479
tx_16,pole_1480
tx_34,pole_1481
tx_27,pole_1482
tx_0,pole_1483
tx_2,pole_1484
tx_11,pole_1485
tx_7,pole_1486
tx_14,pole_1487
tx_14,pole_1488
tx_29,pole_1489
tx_22,pole_1490
tx_39,pole_1491
tx_26,pole_1492
tx_2,pole_1493
tx_25,pole_1494
tx_10,pole_1495
tx_0,pole_1496
tx_39,pole_1497
tx_29,pole_1498
tx_22,pole_1499
tx_16,pole_1500
tx_9,pole_1501
tx_18,pole_1502
tx_4,pole_1503
tx_34,pole_1504
tx_34,pole_1505
tx_35,pole_1506
tx_10,pole_1507
tx_3,pole_1508
tx_6,pole_1509
tx_2,pole_1510
tx_9,pole_1511
tx_34,pole_1512
tx_9,pole_1513
tx_21,pole_1514
tx_35,pole_1515
tx_9,pole_1516
tx_6,pole_1517
tx_33,pole_1518
tx_18,pole_1519
tx_1,pole_1520
tx_1,pole_1521
tx_28,pole_1522
tx_12,pole_1523
tx_8,pole_1524
tx_25,pole_1525
tx_32,pole_1526
tx_14,pole_1527
tx_28,pole_1528
tx_6,pole_1529
tx_30,pole_1530
tx_14,pole_1531
tx_37,pole_1532
tx_19,pole_1533
tx_12,pole_1534
tx_20,pole_1535
tx_25,pole_1536
tx_23,pole_1537
tx_18,pole_1538
tx_29,pole_1539
tx_27,pole_1540
tx_12,pole_1541
tx_23,pole_1542
tx_19,pole_1543
tx_23,pole_1544
tx_16,pole_1545
tx_3,pole_1546
tx_7,pole_1547
tx_39,pole_1548
tx_15,pole_1549
tx_0,pole_1550
tx_12,pole_1551
tx_7,pole_1552
tx_24,pole_1553
tx_0,pole_1554
tx_27,pole_1555
tx_8,pole_1556
tx_24,pole_1557
tx_17,pole_1558
tx_1,pole_1559
tx_19,pole_1560
tx_23,pole_1561
tx_25,pole_1562
tx_20,pole_1563
tx_8,pole_1564
tx_29,pole_1565
tx_9,pole_1566
tx_3,pole_1567
tx_10,pole_1568
tx_4,pole_1569
tx_7,pole_1570
tx_34,pole_1571
tx_12,pole_1572
tx_3,pole_1573
tx_38,pole_1574
tx_24,pole_1575
tx_15,pole_1576
tx_38,pole_1577
tx_34,pole_1578
tx_39,pole_1579
tx_23,pole_1580
tx_19,pole_1581
tx_12,pole_1582
tx_37,pole_1583
tx_13,pole_1584
tx_2,pole_1585
tx_16,pole_1586
tx_25,pole_1587
tx_30,pole_1588
tx_32,pole_1589
tx_29,pole_1590
tx_2,pole_1591
tx_28,pole_1592
tx_15,pole_1593
tx_31,pole_1594
tx_6,pole_1595
tx_31,pole_1596
tx_1,pole_1597
tx_6,pole_1598
tx_1,pole_1599
tx_19,pole_1600
tx_2,pole_1601
tx_34,pole_1602
tx_28,pole_1603
tx_23,pole_1604
tx_27,pole_1605
tx_27,pole_1606
tx_3,pole_1607
tx_22,pole_1608
tx_21,pole_1609
tx_35,pole_1610
tx_16,pole_1611
tx_4,pole_1612
tx_27,pole_1613
tx_21,pole_1614
tx_27,pole_1615
tx_26,pole_1616
tx_8,pole_1617
tx_8,pole_1618
tx_14,pole_1619
tx_27,pole_1620
tx_15,pole_1621
tx_9,pole_1622
tx_10,pole_1623
tx_9,pole_1624
tx_32,pole_1625
tx_6,pole_1626
tx_33,pole_1627
tx_37,pole_1628
tx_14,pole_1629
tx_23,pole_1630
tx_18,pole_1631
tx_0,pole_1632
tx_29,pole_1633
tx_20,pole_1634
tx_0,pole_1635
tx_17,pole_1636
tx_14,pole_1637
tx_8,pole_1638
tx_2,pole_1639
tx_21,pole_1640
tx_8,pole_1641
tx_14,pole_1642
tx_6,pole_1643
tx_16,pole_1644
tx_6,pole_1645
tx_22,pole_1646
tx_6,pole_1647
tx_35,pole_1648
tx_15,pole_1649
tx_34,pole_1650
tx_27,pole_1651
tx_10,pole_1652
tx_38,pole_1653
tx_28,pole_1654
tx_36,pole_1655
tx_20,pole_1656
tx_17,pole_1657
tx_28,pole_1658
tx_16,pole_1659
tx_14,pole_1660
tx_29,pole_1661
tx_24,pole_1662
tx_14,pole_1663
tx_4,pole_1664
tx_10,pole_1665
tx_39,pole_1666
tx_15,pole_1667
tx_17,pole_1668
tx_15,pole_1669
tx_31,pole_1670
tx_11,pole_1671
tx_7,pole_1672
tx_15,pole_1673
tx_2,pole_1674
tx_16,pole_1675
tx_37,pole_1676
tx_17,pole_1677
tx_2,pole_1678
tx_0,pole_1679
tx_12,pole_1680
tx_9,pole_1681
tx_36,pole_1682
tx_31,pole_1683
tx_4,pole_1684
tx_33,pole_1685
tx_8,pole_1686
tx_39,pole_1687
tx_27,pole_1688
tx_5,pole_1689
tx_31,pole_1690
tx_7,pole_1691
tx_0,pole_1692
tx_16,pole_1693
tx_7,pole_1694
tx_37,pole_1695
tx_29,pole_1696
tx_38,pole_1697
tx_3,pole_1698
tx_39,pole_1699
tx_33,pole_1700
tx_14,pole_1701
tx_22,pole_1702
tx_13,pole_1703
tx_19,pole_1704
tx_24,pole_1705
tx_13,pole_1706
tx_15,pole_1707
tx_6,pole_1708
tx_13,pole_1709
tx_28,pole_1710
tx_21,pole_1711
tx_32,pole_1712
tx_11,pole_1713
tx_22,pole_1714
tx_25,pole_1715
tx_27,pole_1716
tx_4,pole_1717
tx_26,pole_1718
tx_1,pole_1719
tx_5,pole_1720
tx_24,pole_1721
tx_6,pole_1722
tx_32,pole_1723
tx_38,pole_1724
tx_7,pole_1725
tx_9,pole_1726
tx_35,pole_1727
tx_16,pole_1728
tx_25,pole_1729
tx_32,pole_1730
tx_23,pole_1731
tx_8,pole_1732
tx_35,pole_1733
tx_22,pole_1734
tx_7,pole_1735
tx_18,pole_1736
tx_8,pole_1737
tx_15,pole_1738
tx_36,pole_1739
tx_10,pole_1740
tx_2,pole_1741
tx_25,pole_1742
tx_36,pole_1743
tx_25,pole_1744
tx_6,pole_1745
tx_1,pole_1746
tx_25,pole_1747
tx_36,pole_1748
tx_8,pole_1749
tx_7,pole_1750
tx_31,pole_1751
tx_20,pole_1752
tx_30,pole_1753
tx_1,pole_1754
tx_23,pole_1755
tx_13,pole_1756
tx_28,pole_1757
tx_37,pole_1758
tx_5,pole_1759
tx_27,pole_1760
tx_15,pole_1761
tx_9,pole_1762
tx_35,pole_1763
tx_4,pole_1764
tx_29,pole_1765
tx_26,pole_1766
tx_38,pole_1767
tx_9,pole_1768
tx_39,pole_1769
tx_14,pole_1770
tx_11,pole_1771
tx_33,pole_1772
tx_10,pole_1773
tx_29,pole_1774
tx_3,pole_1775
tx_37,pole_1776
tx_6,pole_1777
tx_27,pole_1778
tx_5,pole_1779
tx_14,pole_1780
tx_5,pole_1781
tx_13,pole_1782
tx_7,pole_1783
tx_33,pole_1784
tx_0,pole_1785
tx_8,pole_1786
tx_36,pole_1787
tx_9,pole_1788
tx_14,pole_1789
tx_32,pole_1790
tx_14,pole_1791
tx_32,pole_1792
tx_25,pole_1793
tx_20,pole_1794
tx_2,pole_1795
tx_25,pole_1796
tx_2,pole_1797
tx_13,pole_1798
tx_10,pole_1799
tx_15,pole_1800
tx_24,pole_1801
tx_34,pole_1802
tx_2,pole_1803
tx_2,pole_1804
tx_13,pole_1805
tx_16,pole_1806
tx_0,pole_1807
tx_32,pole_1808
tx_10,pole_1809
tx_29,pole_1810
tx_25,pole_1811
tx_26,pole_1812
tx_12,pole_1813
tx_32,pole_1814
tx_2,pole_1815
tx_23,pole_1816
tx_37,pole_1817
tx_37,pole_1818
tx_31,pole_1819
tx_20,pole_1820
tx_33,pole_1821
tx_18,pole_1822
tx_32,pole_1823
tx_38,pole_1824
tx_22,pole_1825
tx_3,pole_1826
tx_38,pole_1827
tx_2,pole_1828
tx_21,pole_1829
tx_21,pole_1830
tx_16,pole_1831
tx_27,pole_1832
tx_4,pole_1833
tx_11,pole_1834
tx_11,pole_1835
tx_37,pole_1836
tx_0,pole_1837
tx_17,pole_1838
tx_1,pole_1839
tx_8,pole_1840
tx_36,pole_1841
tx_39,pole_1842
tx_0,pole_1843
tx_1,pole_1844
tx_0,pole_1845
tx_11,pole_1846
tx_25,pole_1847
tx_14,pole_1848
tx_7,pole_1849
tx_34,pole_1850
tx_12,pole_1851
tx_9,pole_1852
tx_25,pole_1853
tx_12,pole_1854
tx_24,pole_1855
tx_34,pole_1856
tx_26,pole_1857
tx_6,pole_1858
tx_0,pole_1859
tx_7,pole_1860
tx_23,pole_1861
tx_1,pole_1862
tx_17,pole_1863
tx_28,pole_1864
tx_8,pole_1865
tx_32,pole_1866
tx_12,pole_1867
tx_22,pole_1868
tx_9,pole_1869
tx_28,pole_1870
tx_22,pole_1871
tx_12,pole_1872
tx_2,pole_1873
tx_34,pole_1874
tx_30,pole_1875
tx_18,pole_1876
tx_15,pole_1877
tx_21,pole_1878
tx_4,pole_1879
tx_4,pole_1880
tx_1,pole_1881
tx_15,pole_1882
tx_17,pole_1883
tx_28,pole_1884
tx_24,pole_1885
tx_20,pole_1886
tx_12,pole_1887
tx_37,pole_1888
tx_24,pole_1889
tx_3,pole_1890
tx_31,pole_1891
tx_6,pole_1892
tx_12,pole_1893
tx_3,pole_1894
tx_4,pole_1895
tx_31,pole_1896
tx_13,pole_1897
tx_35,pole_1898
tx_3,pole_1899
tx_4,pole_1900
tx_11,pole_1901
tx_29,pole_1902
tx_33,pole_1903
tx_8,pole_1904
tx_6,pole_1905
tx_39,pole_1906
tx_26,pole_1907
tx_8,pole_1908
tx_22,pole_1909
tx_3,pole_1910
tx_16,pole_1911
tx_2,pole_1912
tx_23,pole_1913
tx_26,pole_1914
tx_7,pole_1915
tx_39,pole_1916
tx_9,pole_1917
tx_33,pole_1918
tx_13,pole_1919
tx_18,pole_1920
tx_9,pole_1921
tx_22,pole_1922
tx_4,pole_1923
tx_1,pole_1924
tx_22,pole_1925
tx_5,pole_1926
tx_13,pole_1927
tx_27,pole_1928
tx_20,pole_1929
tx_12,pole_1930
tx_21,pole_1931
tx_36,pole_1932
tx_39,pole_1933
tx_17,pole_1934
tx_35,pole_1935
tx_21,pole_1936
tx_22,pole_1937
tx_16,pole_1938
tx_31,pole_1939
tx_20,pole_1940
tx_28,pole_1941
tx_15,pole_1942
tx_1,pole_1943
tx_33,pole_1944
tx_33,pole_1945
tx_13,pole_1946
tx_13,pole_1947
tx_32,pole_1948
tx_0,pole_1949
tx_18,pole_1950
tx_39,pole_1951
tx_15,pole_1952
tx_3,pole_1953
tx_1,pole_1954
tx_27,pole_1955
tx_5,pole_1956
tx_19,pole_1957
tx_10,pole_1958
tx_9,pole_1959
tx_31,pole_1960
tx_17,pole_1961
tx_9,pole_1962
tx_28,pole_1963
tx_28,pole_1964
tx_29,pole_1965
tx_30,pole_1966
tx_10,pole_1967
tx_18,pole_1968
tx_17,pole_1969
tx_19,pole_1970
tx_11,pole_1971
tx_8,pole_1972
tx_20,pole_1973
tx_4,pole_1974
tx_14,pole_1975
tx_31,pole_1976
tx_37,pole_1977
tx_4,pole_1978
tx_37,pole_1979
tx_3,pole_1980
tx_10,pole_1981
tx_34,pole_1982
tx_8,pole_1983
tx_8,pole_1984
tx_5,pole_1985
tx_8,pole_1986
tx_3,pole_1987
tx_17,pole_1988
tx_13,pole_1989
tx_19,pole_1990
tx_10,pole_1991
tx_31,pole_1992
tx_9,pole_1993
tx_9,pole_1994
tx_18,pole_1995
tx_9,pole_1996
tx_12,pole_1997
tx_10,pole_1998
tx_25,pole_1999
tx_20,pole_2000
tx_0,pole_2001
tx_5,pole_2002
tx_15,pole_2003
tx_33,pole_2004
tx_7,pole_2005
tx_19,pole_2006
tx_1,pole_2007
tx_36,pole_2008
tx_1,pole_2009
tx_19,pole_2010
tx_8,pole_2011
tx_34,pole_2012
tx_25,pole_2013
tx_38,pole_2014
tx_31,pole_2015
tx_1,pole_2016
tx_16,pole_2017
tx_19,pole_2018
tx_22,pole_2019
tx_24,pole_2020
tx_34,pole_2021
tx_4,pole_2022
tx_3,pole_2023
tx_36,pole_2024
tx_31,pole_2025
tx_19,pole_2026
tx_1,pole_2027
tx_5,pole_2028
tx_19,pole_2029
tx_17,pole_2030
tx_22,pole_2031
tx_26,pole_2032
tx_35,pole_2033
tx_14,pole_2034
tx_3,pole_2035
tx_26,pole_2036
tx_20,pole_2037
tx_35,pole_2038
tx_1,pole_2039
tx_23,pole_2040
tx_10,pole_2041
tx_20,pole_2042
tx_5,pole_2043
tx_22,pole_2044
tx_28,pole_2045
tx_24,pole_2046
tx_2,pole_2047
tx_22,pole_2048
tx_19,pole_2049
tx_22,pole_2050
tx_20,pole_2051
tx_15,pole_2052
tx_22,pole_2053
tx_32,pole_2054
tx_26,pole_2055
tx_36,pole_2056
tx_11,pole_2057
tx_15,pole_2058
tx_7,pole_2059
tx_5,pole_2060
tx_10,pole_2061
tx_16,pole_2062
tx_22,pole_2063
tx_24,pole_2064
tx_6,pole_2065
tx_6,pole_2066
tx_6,pole_2067
tx_9,pole_2068
tx_39,pole_2069
tx_33,pole_2070
tx_21,pole_2071
tx_24,pole_2072
tx_19,pole_2073
tx_27,pole_2074
tx_14,pole_2075
tx_3,pole_2076
tx_28,pole_2077
tx_27,pole_2078
tx_21,pole_2079
tx_17,pole_2080
tx_23,pole_2081
tx_33,pole_2082
tx_17,pole_2083
tx_12,pole_2084
tx_7,pole_2085
tx_36,pole_2086
tx_36,pole_2087
tx_20,pole_2088
tx_6,pole_2089
tx_31,pole_2090
tx_31,pole_2091
tx_14,pole_2092
tx_30,pole_2093
tx_25,pole_2094
tx_10,pole_2095
tx_12,pole_2096
tx_30,pole_2097
tx_31,pole_2098
tx_13,pole_2099
tx_37,pole_2100
tx_15,pole_2101
tx_36,pole_2102
tx_32,pole_2103
tx_34,pole_2104
tx_14,pole_2105
tx_39,pole_2106
tx_33,pole_2107
tx_34,pole_2108
tx_39,pole_2109
tx_16,pole_2110
tx_37,pole_2111
tx_0,pole_2112
tx_8,pole_2113
tx_29,pole_2114
tx_1,pole_2115
tx_16,pole_2116
tx_20,pole_2117
tx_28,pole_2118
tx_28,pole_2119
tx_12,pole_2120
tx_9,pole_2121
tx_1,pole_2122
tx_21,pole_2123
tx_4,pole_2124
tx_3,pole_2125
tx_26,pole_2126
tx_7,pole_2127
tx_31,pole_2128
tx_29,pole_2129
tx_0,pole_2130
tx_3,pole_2131
tx_5,pole_2132
tx_24,pole_2133
tx_7,pole_2134
tx_20,pole_2135
tx_16,pole_2136
tx_15,pole_2137
tx_28,pole_2138
tx_36,pole_2139
tx_31,pole_2140
tx_31,pole_2141
tx_15,pole_2142
tx_27,pole_2143
tx_30,pole_2144
tx_39,pole_2145
tx_3,pole_2146
tx_23,pole_2147
tx_2,pole_2148
tx_11,pole_2149
tx_3,pole_2150
tx_9,pole_2151
tx_34,pole_2152
tx_27,pole_2153
tx_32,pole_2154
tx_8,pole_2155
tx_22,pole_2156
tx_39,pole_2157
tx_28,pole_2158
tx_20,pole_2159
tx_24,pole_2160
tx_33,pole_2161
tx_28,pole_2162
tx_39,pole_2163
tx_6,pole_2164
tx_14,pole_2165
tx_6,pole_2166
tx_24,pole_2167
tx_21,pole_2168
tx_31,pole_2169
tx_32,pole_2170
tx_22,pole_2171
tx_32,pole_2172
tx_19,pole_2173
tx_18,pole_2174
tx_32,pole_2175
tx_36,pole_2176
tx_24,pole_2177
tx_23,pole_2178
tx_37,pole_2179
tx_11,pole_2180
tx_20,pole_2181
tx_35,pole_2182
tx_29,pole_2183
tx_5,pole_2184
tx_12,pole_2185
tx_20,pole_2186
tx_21,pole_2187
tx_19,pole_2188
tx_31,pole_2189
tx_7,pole_2190
tx_10,pole_2191
tx_13,pole_2192
tx_5,pole_2193
tx_36,pole_2194
tx_22,pole_2195
tx_28,pole_2196
tx_27,pole_2197
tx_13,pole_2198
tx_29,pole_2199
tx_5,pole_2200
tx_20,pole_2201
tx_9,pole_2202
tx_10,pole_2203
tx_14,pole_2204
tx_23,pole_2205
tx_9,pole_2206
tx_21,pole_2207
tx_8,pole_2208
tx_10,pole_2209
tx_22,pole_2210
tx_8,pole_2211
tx_22,pole_2212
tx_22,pole_2213
tx_0,pole_2214
tx_18,pole_2215
tx_37,pole_2216
tx_23,pole_2217
tx_20,pole_2218
tx_3,pole_2219
tx_2,pole_2220
tx_27,pole_2221
tx_2,pole_2222
tx_3,pole_2223
tx_35,pole_2224
tx_8,pole_2225
tx_31,pole_2226
tx_14,pole_2227
tx_30,pole_2228
tx_22,pole_2229
tx_16,pole_2230
tx_26,pole_2231
tx_14,pole_2232
tx_27,pole_2233
tx_22,pole_2234
tx_31,pole_2235
tx_32,pole_2236
tx_28,pole_2237
tx_35,pole_2238
tx_17,pole_2239
tx_23,pole_2240
tx_16,pole_2241
tx_37,pole_2242
tx_16,pole_2243
tx_11,pole_2244
tx_35,pole_2245
tx_20,pole_2246
tx_28,pole_2247
tx_17,pole_2248
tx_35,pole_2249
tx_36,pole_2250
tx_30,pole_2251
tx_4,pole_2252
tx_15,pole_2253
tx_21,pole_2254
tx_4,pole_2255
tx_27,pole_2256
tx_27,pole_2257
tx_32,pole_2258
tx_6,pole_2259
tx_37,pole_2260
tx_9,pole_2261
tx_36,pole_2262
tx_28,pole_2263
tx_1,pole_2264
tx_21,pole_2265
tx_17,pole_2266
tx_9,pole_2267
tx_11,pole_2268
tx_9,pole_2269
tx_21,pole_2270
tx_35,pole_2271
tx_11,pole_2272
tx_20,pole_2273
tx_24,pole_2274
tx_3,pole_2275
tx_1,pole_2276
tx_1,pole_2277
tx_34,pole_2278
tx_36,pole_2279
tx_24,pole_2280
tx_9,pole_2281
tx_13,pole_2282
tx_6,pole_2283
tx_12,pole_2284
tx_22,pole_2285
tx_21,pole_2286
tx_2,pole_2287
tx_8,pole_2288
tx_1,pole_2289
tx_22,pole_2290
tx_12,pole_2291
tx_21,pole_2292
tx_10,pole_2293
tx_34,pole_2294
tx_6,pole_2295
tx_3,pole_2296
tx_17,pole_2297
tx_37,pole_2298
tx_20,pole_2299
tx_23,pole_2300
tx_33,pole_2301
tx_24,pole_2302
tx_0,pole_2303
tx_22,pole_2304
tx_18,pole_2305
tx_38,pole_2306
tx_0,pole_2307
tx_22,pole_2308
tx_11,pole_2309
tx_38,pole_2310
tx_23,pole_2311
tx_15,pole_2312
tx_8,pole_2313
tx_14,pole_2314
tx_19,pole_2315
tx_28,pole_2316
tx_8,pole_2317
tx_15,pole_2318
tx_26,pole_2319
tx_11,pole_2320
tx_21,pole_2321
tx_27,pole_2322
tx_8,pole_2323
tx_11,pole_2324
tx_8,pole_2325
tx_9,pole_2326
tx_23,pole_2327
tx_32,pole_2328
tx_37,pole_2329
tx_30,pole_2330
tx_26,pole_2331
tx_4,pole_2332
tx_34,pole_2333
tx_32,pole_2334
tx_39,pole_2335
tx_16,pole_2336
tx_3,pole_2337
tx_0,pole_2338
tx_21,pole_2339
tx_11,pole_2340
tx_27,pole_2341
tx_29,pole_2342
tx_32,pole_2343
tx_20,pole_2344
tx_16,pole_2345
tx_21,pole_2346
tx_7,pole_2347
tx_2,pole_2348
tx_18,pole_2349
tx_16,pole_2350
tx_7,pole_2351
tx_4,pole_2352
tx_25,pole_2353
tx_32,pole_2354
tx_13,pole_2355
tx_8,pole_2356
tx_12,pole_2357
tx_10,pole_2358
tx_37,pole_2359
tx_15,pole_2360
tx_38,pole_2361
tx_8,pole_2362
tx_11,pole_2363
tx_39,pole_2364
tx_12,pole_2365
tx_6,pole_2366
tx_4,pole_2367
tx_34,pole_2368
tx_35,pole_2369
tx_31,pole_2370
tx_21,pole_2371
tx_17,pole_2372
tx_31,pole_2373
tx_7,pole_2374
tx_22,pole_2375
tx_31,pole_2376
tx_35,pole_2377
tx_15,pole_2378
tx_7,pole_2379
tx_18,pole_2380
tx_11,pole_2381
tx_39,pole_2382
tx_9,pole_2383
tx_6,pole_2384
tx_39,pole_2385
tx_16,pole_2386
tx_8,pole_2387
tx_1,pole_2388
tx_26,pole_2389
tx_14,pole_2390
tx_4,pole_2391
tx_36,pole_2392
tx_1,pole_2393
tx_37,pole_2394
tx_4,pole_2395
tx_28,pole_2396
tx_12,pole_2397
tx_34,pole_2398
tx_6,pole_2399
tx_0,pole_2400
tx_28,pole_2401
tx_18,pole_2402
tx_9,pole_2403
tx_6,pole_2404
tx_2,pole_2405
tx_30,pole_2406
tx_26,pole_2407
tx_12,pole_2408
tx_35,pole_2409
tx_27,pole_2410
tx_37,pole_2411
tx_39,pole_2412
tx_9,pole_2413
tx_27,pole_2414
tx_16,pole_2415
tx_35,pole_2416
tx_18,pole_2417
tx_16,pole_2418
tx_0,pole_2419
tx_18,pole_2420
tx_20,pole_2421
tx_28,pole_2422
tx_25,pole_2423
tx_37,pole_2424
tx_19,pole_2425
tx_18,pole_2426
tx_4,pole_2427
tx_19,pole_2428
tx_18,pole_2429
tx_22,pole_2430
tx_10,pole_2431
tx_34,pole_2432
tx_16,pole_2433
tx_13,pole_2434
tx_37,pole_2435
tx_20,pole_2436
tx_16,pole_2437
tx_14,pole_2438
tx_23,pole_2439
tx_36,pole_2440
tx_23,pole_2441
tx_6,pole_2442
tx_39,pole_2443
tx_39,pole_2444
tx_35,pole_2445
tx_26,pole_2446
tx_11,pole_2447
tx_16,pole_2448
tx_16,pole_2449
tx_36,pole_2450
tx_9,pole_2451
tx_11,pole_2452
tx_11,pole_2453
tx_25,pole_2454
tx_37,pole_2455
tx_28,pole_2456
tx_33,pole_2457
tx_18,pole_2458
tx_37,pole_2459
tx_26,pole_2460
tx_15,pole_2461
tx_37,pole_2462
tx_15,pole_2463
tx_24,pole_2464
tx_7,pole_2465
tx_1,pole_2466
tx_22,pole_2467
tx_39,pole_2468
tx_7,pole_2469
tx_2,pole_2470
tx_13,pole_2471
tx_29,pole_2472
tx_14,pole_2473
tx_20,pole_2474
tx_17,pole_2475
tx_33,pole_2476
tx_11,pole_2477
tx_14,pole_2478
tx_13,pole_2479
tx_31,pole_2480
tx_6,pole_2481
tx_0,pole_2482
tx_32,pole_2483
tx_39,pole_2484
tx_0,pole_2485
tx_26,pole_2486
tx_24,pole_2487
tx_17,pole_2488
tx_29,pole_2489
tx_35,pole_2490
tx_27,pole_2491
tx_37,pole_2492
tx_1,pole_2493
tx_27,pole_2494
tx_33,pole_2495
tx_11,pole_2496
tx_9,pole_2497
tx_27,pole_2498
tx_12,pole_2499
tx_38,pole_2500
tx_39,pole_2501
tx_30,pole_2502
tx_16,pole_2503
tx_26,pole_2504
tx_12,pole_2505
tx_35,pole_2506
tx_21,pole_2507
tx_28,pole_2508
tx_20,pole_2509
tx_32,pole_2510
tx_28,pole_2511
tx_26,pole_2512
tx_8,pole_2513
tx_31,pole_2514
tx_24,pole_2515
tx_9,pole_2516
tx_30,pole_2517
tx_27,pole_2518
tx_39,pole_2519
tx_7,pole_2520
tx_7,pole_2521
tx_10,pole_2522
tx_37,pole_2523
tx_38,pole_2524
tx_1,pole_2525
tx_16,pole_2526
tx_14,pole_2527
tx_35,pole_2528
tx_16,pole_2529
tx_4,pole_2530
tx_28,pole_2531
tx_23,pole_2532
tx_7,pole_2533
tx_33,pole_2534
tx_9,pole_2535
tx_15,pole_2536
tx_26,pole_2537
tx_31,pole_2538
tx_22,pole_2539
tx_10,pole_2540
tx_26,pole_2541
tx_20,pole_2542
tx_31,pole_2543
tx_6,pole_2544
tx_33,pole_2545
tx_35,pole_2546
tx_4,pole_2547
tx_17,pole_2548
tx_4,pole_2549
tx_6,pole_2550
tx_39,pole_2551
tx_3,pole_2552
tx_18,pole_2553
tx_18,pole_2554
tx_7,pole_2555
tx_14,pole_2556
tx_37,pole_2557
tx_0,pole_2558
tx_18,pole_2559
tx_15,pole_2560
tx_12,pole_2561
tx_5,pole_2562
tx_30,pole_2563
tx_13,pole_2564
tx_15,pole_2565
tx_15,pole_2566
tx_5,pole_2567
tx_17,pole_2568
tx_35,pole_2569
tx_29,pole_2570
tx_35,pole_2571
tx_14,pole_2572
tx_22,pole_2573
tx_28,pole_2574
tx_11,pole_2575
tx_28,pole_2576
tx_15,pole_2577
tx_24,pole_2578
tx_23,pole_2579
tx_31,pole_2580
tx_37,pole_2581
tx_28,pole_2582
tx_13,pole_2583
tx_29,pole_2584
tx_13,pole_2585
tx_22,pole_2586
tx_7,pole_2587
tx_33,pole_2588
tx_18,pole_2589
tx_30,pole_2590
tx_32,pole_2591
tx_36,pole_2592
tx_3,pole_2593
tx_12,pole_2594
tx_30,pole_2595
tx_0,pole_2596
tx_29,pole_2597
tx_9,pole_2598
tx_6,pole_2599
tx_14,pole_2600
tx_33,pole_2601
tx_0,pole_2602
tx_4,pole_2603
tx_29,pole_2604
tx_22,pole_2605
tx_32,pole_2606
tx_11,pole_2607
tx_8,pole_2608
tx_16,pole_2609
tx_5,pole_2610
tx_23,pole_2611
tx_35,pole_2612
tx_34,pole_2613
tx_37,pole_2614
tx_38,pole_2615
tx_26,pole_2616
tx_2,pole_2617
tx_9,pole_2618
tx_20,pole_2619
tx_30,pole_2620
tx_14,pole_2621
tx_32,pole_2622
tx_28,pole_2623
tx_25,pole_2624
tx_32,pole_2625
tx_0,pole_2626
tx_31,pole_2627
tx_37,pole_2628
tx_16,pole_2629
tx_37,pole_2630
tx_7,pole_2631
tx_2,pole_2632
tx_14,pole_2633
tx_4,pole_2634
tx_13,pole_2635
tx_17,pole_2636
tx_20,pole_2637
tx_34,pole_2638
tx_27,pole_2639
tx_8,pole_2640
tx_13,pole_2641
tx_36,pole_2642
tx_28,pole_2643
tx_34,pole_2644
tx_11,pole_2645
tx_26,pole_2646
tx_0,pole_2647
tx_14,pole_2648
tx_9,pole_2649
tx_36,pole_2650
tx_10,pole_2651
tx_30,pole_2652
tx_27,pole_2653
tx_2,pole_2654
tx_0,pole_2655
tx_6,pole_2656
tx_32,pole_2657
tx_20,pole_2658
tx_31,pole_2659
tx_1,pole_2660
tx_20,pole_2661
tx_36,pole_2662
tx_39,pole_2663
tx_8,pole_2664
tx_3,pole_2665
tx_32,pole_2666
tx_27,pole_2667
tx_9,pole_2668
tx_23,pole_2669
tx_19,pole_2670
tx_19,pole_2671
tx_33,pole_2672
tx_26,pole_2673
tx_38,pole_2674
tx_22,pole_2675
tx_4,pole_2676
tx_31,pole_2677
tx_0,pole_2678
tx_38,pole_2679
tx_24,pole_2680
tx_24,pole_2681
tx_8,pole_2682
tx_19,pole_2683
tx_29,pole_2684
tx_23,pole_2685
tx_15,pole_2686
tx_31,pole_2687
tx_4,pole_2688
tx_28,pole_2689
tx_3,pole_2690
tx_29,pole_2691
tx_29,pole_2692
tx_6,pole_2693
tx_27,pole_2694
tx_31,pole_2695
tx_17,pole_2696
tx_31,pole_2697
tx_18,pole_2698
tx_4,pole_2699
tx_16,pole_2700
tx_11,pole_2701
tx_26,pole_2702
tx_35,pole_2703
tx_6,pole_2704
tx_25,pole_2705
tx_26,pole_2706
tx_11,pole_2707
tx_14,pole_2708
tx_8,pole_2709
tx_13,pole_2710
tx_9,pole_2711
tx_28,pole_2712
tx_11,pole_2713
tx_16,pole_2714
tx_31,pole_2715
tx_37,pole_2716
tx_35,pole_2717
tx_39,pole_2718
tx_35,pole_2719
tx_12,pole_2720
tx_31,pole_2721
tx_33,pole_2722
tx_32,pole_2723
tx_33,pole_2724
tx_5,pole_2725
tx_29,pole_2726
tx_17,pole_2727
tx_5,pole_2728
tx_39,pole_2729
tx_33,pole_2730
tx_13,pole_2731
tx_36,pole_2732
tx_9,pole_2733
tx_29,pole_2734
tx_30,pole_2735
tx_19,pole_2736
tx_0,pole_2737
tx_28,pole_2738
tx_1,pole_2739
tx_27,pole_2740
tx_11,pole_2741
tx_26,pole_2742
tx_4,pole_2743
tx_0,pole_2744
tx_32,pole_2745
tx_27,pole_2746
tx_2,pole_2747
tx_26,pole_2748
tx_31,pole_2749
tx_37,pole_2750
tx_27,pole_2751
tx_18,pole_2752
tx_34,pole_2753
tx_30,pole_2754
tx_26,pole_2755
tx_34,pole_2756
tx_18,pole_2757
tx_30,pole_2758
tx_1,pole_2759
tx_12,pole_2760
tx_26,pole_2761
tx_20,pole_2762
tx_7,pole_2763
tx_1,pole_2764
tx_0,pole_2765
tx_38,pole_2766
tx_33,pole_2767
tx_25,pole_2768
tx_14,pole_2769
tx_7,pole_2770
tx_30,pole_2771
tx_28,pole_2772
tx_19,pole_2773
tx_35,pole_2774
tx_14,pole_2775
tx_24,pole_2776
tx_24,pole_2777
tx_28,pole_2778
tx_35,pole_2779
tx_13,pole_2780
tx_26,pole_2781
tx_10,pole_2782
tx_22,pole_2783
tx_37,pole_2784
tx_28,pole_2785
tx_25,pole_2786
tx_24,pole_2787
tx_10,pole_2788
tx_20,pole_2789
tx_36,pole_2790
tx_13,pole_2791
tx_36,pole_2792
tx_4,pole_2793
tx_4,pole_2794
tx_29,pole_2795
tx_30,pole_2796
tx_8,pole_2797
tx_11,pole_2798
tx_19,pole_2799
tx_0,pole_2800
tx_20,pole_2801
tx_18,pole_2802
tx_7,pole_2803
tx_31,pole_2804
tx_23,pole_2805
tx_21,pole_2806
tx_7,pole_2807
tx_11,pole_2808
tx_36,pole_2809
tx_18,pole_2810
tx_25,pole_2811
tx_22,pole_2812
tx_13,pole_2813
tx_32,pole_2814
tx_18,pole_2815
tx_14,pole_2816
tx_21,pole_2817
tx_19,pole_2818
tx_22,pole_2819
tx_22,pole_2820
tx_39,pole_2821
tx_5,pole_2822
tx_33,pole_2823
tx_1,pole_2824
tx_39,pole_2825
tx_10,pole_2826
tx_26,pole_2827
tx_18,pole_2828
tx_3,pole_2829
tx_31,pole_2830
tx_2,pole_2831
tx_20,pole_2832
tx_37,pole_2833
tx_39,pole_2834
tx_38,pole_2835
tx_37,pole_2836
tx_28,pole_2837
tx_32,pole_2838
tx_10,pole_2839
tx_5,pole_2840
tx_0,pole_2841
tx_23,pole_2842
tx_26,pole_2843
tx_29,pole_2844
tx_38,pole_2845
tx_36,pole_2846
tx_23,pole_2847
tx_2,pole_2848
tx_10,pole_2849
tx_22,pole_2850
tx_36,pole_2851
tx_1,pole_2852
tx_22,pole_2853
tx_0,pole_2854
tx_17,pole_2855
tx_11,pole_2856
tx_32,pole_2857
tx_18,pole_2858
tx_26,pole_2859
tx_22,pole_2860
tx_12,pole_2861
tx_4,pole_2862
tx_39,pole_2863
tx_38,pole_2864
tx_12,pole_2865
tx_11,pole_2866
tx_11,pole_2867
tx_28,pole_2868
tx_3,pole_2869
tx_23,pole_2870
tx_30,pole_2871
tx_36,pole_2872
tx_20,pole_2873
tx_18,pole_2874
tx_34,pole_2875
tx_9,pole_2876
tx_14,pole_2877
tx_19,pole_2878
tx_27,pole_2879
tx_37,pole_2880
tx_34,pole_2881
tx_0,pole_2882
tx_4,pole_2883
tx_27,pole_2884
tx_36,pole_2885
tx_15,pole_2886
tx_38,pole_2887
tx_26,pole_2888
tx_18,pole_2889
tx_9,pole_2890
tx_24,pole_2891
tx_32,pole_2892
tx_36,pole_2893
tx_8,pole_2894
tx_13,pole_2895
tx_37,pole_2896
tx_20,pole_2897
tx_37,pole_2898
tx_10,pole_2899
tx_34,pole_2900
tx_4,pole_2901
tx_38,pole_2902
tx_4,pole_2903
tx_2,pole_2904
tx_34,pole_2905
tx_9,pole_2906
tx_3,pole_2907
tx_7,pole_2908
tx_3,pole_2909
tx_0,pole_2910
tx_33,pole_2911
tx_0,pole_2912
tx_35,pole_2913
tx_35,pole_2914
tx_10,pole_2915
tx_26,pole_2916
tx_2,pole_2917
tx_9,pole_2918
tx_31,pole_2919
tx_13,pole_2920
tx_13,pole_2921
tx_29,pole_2922
tx_34,pole_2923
tx_8,pole_2924
tx_6,pole_2925
tx_28,pole_2926
tx_14,pole_2927
tx_7,pole_2928
tx_30,pole_2929
tx_16,pole_2930
tx_17,pole_2931
tx_31,pole_2932
tx_33,pole_2933
tx_18,pole_2934
tx_8,pole_2935
tx_34,pole_2936
tx_19,pole_2937
tx_20,pole_2938
tx_30,pole_2939
tx_8,pole_2940
tx_29,pole_2941
tx_22,pole_2942
tx_9,pole_2943
tx_25,pole_2944
tx_19,pole_2945
tx_20,pole_2946
tx_30,pole_2947
tx_11,pole_2948
tx_17,pole_2949
tx_2,pole_2950
tx_18,pole_2951
tx_11,pole_2952
tx_27,pole_2953
tx_1,pole_2954
tx_29,pole_2955
tx_13,pole_2956
tx_30,pole_2957
tx_11,pole_2958
tx_29,pole_2959
tx_21,pole_2960
tx_37,pole_2961
tx_12,pole_2962
tx_1,pole_2963
tx_38,pole_2964
tx_10,pole_2965
tx_15,pole_2966
tx_10,pole_2967
tx_19,pole_2968
tx_18,pole_2969
tx_22,pole_2970
tx_32,pole_2971
tx_0,pole_2972
tx_39,pole_2973
tx_18,pole_2974
tx_20,pole_2975
tx_30,pole_2976
tx_37,pole_2977
tx_11,pole_2978
tx_24,pole_2979
tx_35,pole_2980
tx_31,pole_2981
tx_4,pole_2982
tx_1,pole_2983
tx_35,pole_2984
tx_14,pole_2985
tx_0,pole_2986
tx_7,pole_2987
tx_7,pole_2988
tx_14,pole_2989
tx_38,pole_2990
tx_0,pole_2991
tx_0,pole_2992
tx_35,pole_2993
tx_32,pole_2994
tx_20,pole_2995
tx_38,pole_2996
tx_6,pole_2997
tx_4,pole_2998
tx_29,pole_2999
